{
    "products": [{
            "name": "Deven Carroll DSS",
            "image": "",
            "cate_id": 3,
            "price": 2000
        },
        {
            "name": "Ava Olson",
            "image": "",
            "cate_id": 3,
            "price": 3000
        },
        {
            "name": "Samir Schum DVM",
            "image": "",
            "cate_id": 2,
            "price": 83650
        },
        {
            "name": "Javier Sipes",
            "image": "",
            "cate_id": 6,
            "price": 84760
        },
        {
            "name": "Aryanna Bartell",
            "image": "",
            "cate_id": 6,
            "price": 3775
        },
        {
            "name": "Unique Tromp",
            "image": "",
            "cate_id": 4,
            "price": 59885
        }
    ]
}